customer_id,first_name,last_name,email,phone,city,state,country,signup_date,gender,age
CUST-0001,Ethan,Reddy,ethan.reddy36@yahoo.com,+91-7457223434,Mumbai,Maharashtra,India,2025-01-29,Male,55
CUST-0002,Sneha,Patel,sneha.patel28@yahoo.com,+91-8972613478,Mumbai,Maharashtra,India,2023-04-06,Male,63
CUST-0003,Charlotte,Lee,charlotte.lee58@gmail.com,+91-9652310851,Kolkata,West Bengal,India,2023-08-14,Male,62
CUST-0004,Sneha,Johnson,sneha.johnson28@gmail.com,+91-8102923396,Chennai,Tamil Nadu,India,2023-06-09,Male,42
CUST-0005,Reyansh,Williams,reyansh.williams78@yahoo.com,+91-7142370217,Nagpur,Maharashtra,India,2023-12-19,Male,42
CUST-0006,Sai,Clark,sai.clark81@gmail.com,+91-9823657400,Chennai,Tamil Nadu,India,2025-04-29,Male,63
CUST-0007,Arjun,Patel,arjun.patel99@yahoo.com,+91-7261440512,Chandigarh,Punjab,India,2023-08-22,Male,42
CUST-0008,Riya,Anderson,riya.anderson21@gmail.com,+91-7686597841,Chandigarh,Punjab,India,2024-01-09,Female,62
CUST-0009,Amelia,Singh,amelia.singh22@gmail.com,+91-7802131417,Lucknow,Uttar Pradesh,India,2024-10-12,Female,42
CUST-0010,Riya,Clark,riya.clark42@gmail.com,+91-9542717331,Hyderabad,Telangana,India,2024-12-02,Male,20
CUST-0011,Rohan,Garcia,rohan.garcia28@gmail.com,+91-8858551245,Chennai,Tamil Nadu,India,2023-03-09,Male,59
CUST-0012,Emma,Garcia,emma.garcia59@yahoo.com,+91-7457542325,Coimbatore,Tamil Nadu,India,2024-10-20,Female,65
CUST-0013,Jackson,Davis,jackson.davis52@gmail.com,+91-7453276784,Coimbatore,Tamil Nadu,India,2024-08-20,Female,23
CUST-0014,Matthew,Gupta,matthew.gupta20@gmail.com,+91-9595499192,Nagpur,Maharashtra,India,2023-04-23,Female,56
CUST-0015,Arjun,Jones,arjun.jones60@gmail.com,+91-8812811504,Kolkata,West Bengal,India,2024-09-02,Male,61
CUST-0016,Noah,Menon,noah.menon44@yahoo.com,+91-8424630730,Indore,Madhya Pradesh,India,2024-10-18,Female,18
CUST-0017,Daniel,Pillai,daniel.pillai23@gmail.com,+91-7348691959,Jaipur,Rajasthan,India,2025-02-19,Female,58
CUST-0018,Liam,Allen,liam.allen48@gmail.com,+91-8767479514,Hyderabad,Telangana,India,2023-06-06,Male,56
CUST-0019,Rohan,Thomas,rohan.thomas47@gmail.com,+91-9725250306,Mumbai,Maharashtra,India,2023-04-25,Male,21
CUST-0020,Isha,Walker,isha.walker94@gmail.com,+91-7226779822,Delhi,Delhi,India,2023-03-29,Male,26
CUST-0021,Aiden,Taylor,aiden.taylor34@gmail.com,+91-8987665461,Jaipur,Rajasthan,India,2023-06-19,Male,52
CUST-0022,Matthew,Shah,matthew.shah52@gmail.com,+91-9129558944,Kochi,Kerala,India,2023-11-16,Female,51
CUST-0023,Meera,Reddy,meera.reddy9@gmail.com,+91-8927782603,Hyderabad,Telangana,India,2023-08-19,Male,55
CUST-0024,Aadhya,Sharma,aadhya.sharma81@yahoo.com,+91-7220814117,Delhi,Delhi,India,2024-12-25,Female,22
CUST-0025,Liam,Bhat,liam.bhat63@yahoo.com,+91-7433584847,Chennai,Tamil Nadu,India,2024-11-16,Female,33
CUST-0026,James,Miller,james.miller13@gmail.com,+91-8160965519,Hyderabad,Telangana,India,2023-04-07,Female,47
CUST-0027,Daniel,Gupta,daniel.gupta83@yahoo.com,+91-8319354473,Chandigarh,Punjab,India,2024-10-31,Male,33
CUST-0028,Myra,Shah,myra.shah18@gmail.com,+91-7912770637,Jaipur,Rajasthan,India,2024-04-04,Male,22
CUST-0029,Meera,Clark,meera.clark84@gmail.com,+91-9739411934,Delhi,Delhi,India,2023-02-21,Male,33
CUST-0030,Ananya,Miller,ananya.miller28@gmail.com,+91-9957117685,Ahmedabad,Gujarat,India,2024-05-07,Male,42
CUST-0031,Aarav,Jones,aarav.jones59@yahoo.com,+91-9282582845,Chennai,Tamil Nadu,India,2025-03-13,Female,27
CUST-0032,Myra,Thakur,myra.thakur75@gmail.com,+91-7199751104,Hyderabad,Telangana,India,2023-03-01,Male,21
CUST-0033,Jackson,Taylor,jackson.taylor21@yahoo.com,+91-8664020500,Jaipur,Rajasthan,India,2024-06-27,Male,22
CUST-0034,Mia,Singh,mia.singh52@yahoo.com,+91-9917284668,Chandigarh,Punjab,India,2023-08-29,Male,55
CUST-0035,Mia,Patel,mia.patel54@gmail.com,+91-8852178522,Lucknow,Uttar Pradesh,India,2023-03-25,Female,34
CUST-0036,Sara,Smith,sara.smith51@yahoo.com,+91-9115149321,Hyderabad,Telangana,India,2023-09-29,Female,38
CUST-0037,Matthew,Singh,matthew.singh80@gmail.com,+91-7327619602,Mumbai,Maharashtra,India,2024-04-14,Male,50
CUST-0038,Kiara,Nair,kiara.nair9@gmail.com,+91-8210847353,Coimbatore,Tamil Nadu,India,2023-12-24,Male,46
CUST-0039,Noah,Malhotra,noah.malhotra84@gmail.com,+91-9188482692,Lucknow,Uttar Pradesh,India,2025-04-06,Female,60
CUST-0040,Reyansh,Nair,reyansh.nair14@gmail.com,+91-7509345697,Chennai,Tamil Nadu,India,2023-04-29,Female,56
CUST-0041,Sara,Johnson,sara.johnson82@gmail.com,+91-8656174032,Hyderabad,Telangana,India,2024-12-04,Female,21
CUST-0042,Sai,Davis,sai.davis6@yahoo.com,+91-9526827146,Nagpur,Maharashtra,India,2023-10-11,Female,28
CUST-0043,Grace,Wilson,grace.wilson55@gmail.com,+91-7366519862,Jaipur,Rajasthan,India,2024-12-23,Male,52
CUST-0044,Aditya,Brown,aditya.brown19@gmail.com,+91-7137050404,Lucknow,Uttar Pradesh,India,2024-07-19,Female,20
CUST-0045,Amit,Das,amit.das86@yahoo.com,+91-9556283385,Chandigarh,Punjab,India,2023-09-13,Female,57
CUST-0046,Grace,Iyer,grace.iyer21@gmail.com,+91-9656733206,Coimbatore,Tamil Nadu,India,2023-08-31,Female,19
CUST-0047,Diya,Johnson,diya.johnson86@gmail.com,+91-9656642527,Indore,Madhya Pradesh,India,2024-02-26,Female,28
CUST-0048,Harper,Joshi,harper.joshi61@yahoo.com,+91-9675770332,Kolkata,West Bengal,India,2023-02-09,Female,37
CUST-0049,Aadhya,Rao,aadhya.rao25@gmail.com,+91-7912919099,Mumbai,Maharashtra,India,2024-11-06,Female,40
CUST-0050,Charlotte,Moore,charlotte.moore69@gmail.com,+91-7090425118,Kolkata,West Bengal,India,2024-11-26,Female,29
CUST-0051,Jackson,Pillai,jackson.pillai77@gmail.com,+91-9387251114,Mumbai,Maharashtra,India,2023-04-22,Female,56
CUST-0052,Liam,Reddy,liam.reddy25@yahoo.com,+91-9322567154,Kolkata,West Bengal,India,2024-08-13,Male,51
CUST-0053,Noah,Shah,noah.shah9@gmail.com,+91-8081991678,Pune,Maharashtra,India,2024-03-17,Female,60
CUST-0054,Ayaan,Malhotra,ayaan.malhotra86@gmail.com,+91-8318548752,Jaipur,Rajasthan,India,2023-11-13,Male,30
CUST-0055,Pooja,Jones,pooja.jones23@gmail.com,+91-7986163225,Chandigarh,Punjab,India,2025-02-05,Male,37
CUST-0056,Priya,Das,priya.das75@gmail.com,+91-8055970946,Kolkata,West Bengal,India,2025-03-15,Female,46
CUST-0057,Amelia,Das,amelia.das95@yahoo.com,+91-7277847196,Jaipur,Rajasthan,India,2024-04-29,Female,23
CUST-0058,Matthew,Bhat,matthew.bhat29@gmail.com,+91-7482813201,Chandigarh,Punjab,India,2023-11-14,Male,33
CUST-0059,James,Young,james.young10@gmail.com,+91-9903692544,Nagpur,Maharashtra,India,2025-02-25,Male,63
CUST-0060,Harper,Jones,harper.jones32@yahoo.com,+91-9253210726,Ahmedabad,Gujarat,India,2024-02-14,Male,45
CUST-0061,Aadhya,Mehta,aadhya.mehta67@gmail.com,+91-8826542662,Indore,Madhya Pradesh,India,2024-12-13,Male,47
CUST-0062,Krishna,Anderson,krishna.anderson72@gmail.com,+91-9474868008,Chandigarh,Punjab,India,2024-06-27,Female,53
CUST-0063,Meera,Chopra,meera.chopra58@yahoo.com,+91-7810193579,Kochi,Kerala,India,2024-05-01,Female,51
CUST-0064,Emma,Bhat,emma.bhat10@gmail.com,+91-7768345614,Chennai,Tamil Nadu,India,2024-03-26,Female,38
CUST-0065,Noah,Kumar,noah.kumar30@gmail.com,+91-7500738043,Bangalore,Karnataka,India,2023-06-04,Male,44
CUST-0066,Pooja,Johnson,pooja.johnson54@yahoo.com,+91-9729265069,Jaipur,Rajasthan,India,2024-04-22,Female,55
CUST-0067,Harper,Verma,harper.verma74@gmail.com,+91-7019356105,Nagpur,Maharashtra,India,2025-02-22,Female,42
CUST-0068,Pooja,Lee,pooja.lee70@gmail.com,+91-9941938906,Kochi,Kerala,India,2025-01-22,Female,32
CUST-0069,Riya,Davis,riya.davis50@gmail.com,+91-9225462994,Ahmedabad,Gujarat,India,2023-01-30,Male,47
CUST-0070,Krishna,Young,krishna.young51@gmail.com,+91-9172513552,Jaipur,Rajasthan,India,2023-01-28,Male,59
CUST-0071,Sneha,Nair,sneha.nair24@yahoo.com,+91-8242252906,Nagpur,Maharashtra,India,2024-04-17,Male,47
CUST-0072,Rohan,Johnson,rohan.johnson36@gmail.com,+91-9726065255,Indore,Madhya Pradesh,India,2024-01-24,Female,23
CUST-0073,James,Verma,james.verma7@gmail.com,+91-8146739389,Kochi,Kerala,India,2024-07-06,Male,59
CUST-0074,Aditya,Verma,aditya.verma3@gmail.com,+91-7781626544,Hyderabad,Telangana,India,2023-07-24,Female,60
CUST-0075,Ayaan,Walker,ayaan.walker90@yahoo.com,+91-8208731992,Hyderabad,Telangana,India,2024-04-21,Male,28
CUST-0076,Neha,Joshi,neha.joshi40@gmail.com,+91-9975459192,Lucknow,Uttar Pradesh,India,2023-01-27,Female,63
CUST-0077,Myra,Singh,myra.singh81@yahoo.com,+91-9284549529,Lucknow,Uttar Pradesh,India,2024-12-08,Male,54
CUST-0078,Aditya,Williams,aditya.williams85@gmail.com,+91-8657994874,Jaipur,Rajasthan,India,2024-03-14,Female,18
CUST-0079,Pooja,Thomas,pooja.thomas47@gmail.com,+91-9715570258,Delhi,Delhi,India,2024-03-19,Male,45
CUST-0080,Diya,Martin,diya.martin79@gmail.com,+91-8763473372,Chandigarh,Punjab,India,2023-10-04,Female,45
CUST-0081,Daniel,Hall,daniel.hall32@gmail.com,+91-7283946559,Chennai,Tamil Nadu,India,2023-11-27,Female,33
CUST-0082,Matthew,Anderson,matthew.anderson86@gmail.com,+91-7094074789,Lucknow,Uttar Pradesh,India,2024-09-16,Female,29
CUST-0083,Emma,Das,emma.das34@gmail.com,+91-9884688139,Pune,Maharashtra,India,2025-03-27,Female,53
CUST-0084,Aarav,Martin,aarav.martin31@gmail.com,+91-8600982768,Hyderabad,Telangana,India,2023-03-29,Male,62
CUST-0085,James,Thomas,james.thomas3@yahoo.com,+91-7726163005,Ahmedabad,Gujarat,India,2025-03-22,Male,37
CUST-0086,Aiden,Hall,aiden.hall71@gmail.com,+91-8394282140,Pune,Maharashtra,India,2024-04-29,Female,40
CUST-0087,Harper,Anderson,harper.anderson33@yahoo.com,+91-9363535242,Chennai,Tamil Nadu,India,2023-11-10,Female,25
CUST-0088,Grace,Lee,grace.lee24@yahoo.com,+91-9420273464,Indore,Madhya Pradesh,India,2024-12-07,Female,64
CUST-0089,Jackson,Martin,jackson.martin13@gmail.com,+91-7970739816,Lucknow,Uttar Pradesh,India,2023-10-17,Female,29
CUST-0090,Neha,Sharma,neha.sharma17@yahoo.com,+91-7178682529,Kochi,Kerala,India,2024-06-30,Female,62
CUST-0091,Krishna,Thomas,krishna.thomas74@yahoo.com,+91-8568667733,Delhi,Delhi,India,2023-01-13,Female,29
CUST-0092,Vihaan,Pillai,vihaan.pillai15@gmail.com,+91-8313074454,Nagpur,Maharashtra,India,2024-05-04,Male,54
CUST-0093,Ethan,Gupta,ethan.gupta73@gmail.com,+91-7279142530,Bangalore,Karnataka,India,2023-06-02,Male,53
CUST-0094,Matthew,Miller,matthew.miller80@yahoo.com,+91-8712359856,Lucknow,Uttar Pradesh,India,2024-09-02,Female,46
CUST-0095,Neha,Hall,neha.hall73@gmail.com,+91-8997623006,Kolkata,West Bengal,India,2023-11-09,Male,58
CUST-0096,Sara,Pillai,sara.pillai21@yahoo.com,+91-8808719838,Chandigarh,Punjab,India,2023-03-25,Male,18
CUST-0097,Pooja,Wilson,pooja.wilson61@yahoo.com,+91-7758547762,Kochi,Kerala,India,2024-08-31,Female,62
CUST-0098,Kavya,Singh,kavya.singh34@gmail.com,+91-9048187304,Chandigarh,Punjab,India,2023-08-28,Male,45
CUST-0099,Ayaan,Lee,ayaan.lee20@gmail.com,+91-9708728643,Hyderabad,Telangana,India,2024-10-25,Male,21
CUST-0100,Ananya,Malhotra,ananya.malhotra73@gmail.com,+91-8439026299,Lucknow,Uttar Pradesh,India,2025-02-05,Female,62
CUST-0101,Neha,Garcia,neha.garcia70@gmail.com,+91-7263588385,Chennai,Tamil Nadu,India,2024-05-27,Male,45
CUST-0102,Grace,Smith,grace.smith4@yahoo.com,+91-9209585392,Lucknow,Uttar Pradesh,India,2023-09-14,Male,61
CUST-0103,Riya,Walker,riya.walker97@yahoo.com,+91-8700595394,Mumbai,Maharashtra,India,2025-02-20,Female,35
CUST-0104,Diya,Hall,diya.hall63@gmail.com,+91-8540155607,Kolkata,West Bengal,India,2024-10-12,Female,39
CUST-0105,Rohan,Joshi,rohan.joshi43@gmail.com,+91-8623547777,Nagpur,Maharashtra,India,2023-06-14,Female,53
CUST-0106,Aditya,Anderson,aditya.anderson33@gmail.com,+91-9531462976,Delhi,Delhi,India,2023-11-19,Male,60
CUST-0107,Noah,Anderson,noah.anderson25@gmail.com,+91-9040275338,Kolkata,West Bengal,India,2023-02-25,Female,21
CUST-0108,Sara,Menon,sara.menon37@gmail.com,+91-9288073532,Jaipur,Rajasthan,India,2023-05-15,Male,19
CUST-0109,Ethan,Allen,ethan.allen91@yahoo.com,+91-8804911792,Indore,Madhya Pradesh,India,2023-09-03,Female,23
CUST-0110,Aadhya,Reddy,aadhya.reddy83@gmail.com,+91-8633048254,Ahmedabad,Gujarat,India,2023-05-01,Female,44
CUST-0111,James,Taylor,james.taylor71@yahoo.com,+91-7624588561,Hyderabad,Telangana,India,2024-04-12,Male,22
CUST-0112,Riya,Miller,riya.miller65@yahoo.com,+91-7008447072,Pune,Maharashtra,India,2025-03-17,Female,55
CUST-0113,Jackson,Thomas,jackson.thomas58@gmail.com,+91-8130953573,Nagpur,Maharashtra,India,2023-06-02,Female,47
CUST-0114,Rohan,Shah,rohan.shah74@gmail.com,+91-9804963841,Kochi,Kerala,India,2023-09-02,Male,38
CUST-0115,Grace,Taylor,grace.taylor49@gmail.com,+91-9174795461,Kochi,Kerala,India,2025-04-10,Male,49
CUST-0116,Aditya,Nair,aditya.nair43@gmail.com,+91-9864567711,Jaipur,Rajasthan,India,2024-08-27,Male,51
CUST-0117,Kavya,Sharma,kavya.sharma53@gmail.com,+91-7505819807,Kochi,Kerala,India,2023-05-28,Female,34
CUST-0118,Karan,Young,karan.young84@yahoo.com,+91-8076698389,Kochi,Kerala,India,2024-02-12,Female,38
CUST-0119,Ethan,Thomas,ethan.thomas5@gmail.com,+91-7769292727,Nagpur,Maharashtra,India,2024-07-08,Female,32
CUST-0120,Grace,Kumar,grace.kumar98@gmail.com,+91-9859223173,Kolkata,West Bengal,India,2023-04-11,Female,28
CUST-0121,Harper,Malhotra,harper.malhotra6@gmail.com,+91-7183848452,Coimbatore,Tamil Nadu,India,2023-01-30,Female,41
CUST-0122,Sneha,Iyer,sneha.iyer53@gmail.com,+91-9596933600,Hyderabad,Telangana,India,2024-06-27,Male,29
CUST-0123,Sai,Young,sai.young80@gmail.com,+91-8630786435,Nagpur,Maharashtra,India,2024-01-27,Male,32
CUST-0124,Kavya,Pillai,kavya.pillai86@yahoo.com,+91-9636670981,Ahmedabad,Gujarat,India,2023-09-19,Female,61
CUST-0125,Noah,Chopra,noah.chopra45@gmail.com,+91-7980293746,Delhi,Delhi,India,2024-03-28,Female,62
CUST-0126,Kiara,Anderson,kiara.anderson26@gmail.com,+91-9796273335,Nagpur,Maharashtra,India,2023-11-06,Male,33
CUST-0127,Vikram,Walker,vikram.walker38@gmail.com,+91-7967412875,Pune,Maharashtra,India,2024-08-11,Female,35
CUST-0128,Aarav,Walker,aarav.walker96@gmail.com,+91-9983989482,Nagpur,Maharashtra,India,2024-12-03,Female,36
CUST-0129,Lily,Rao,lily.rao46@yahoo.com,+91-7623091381,Lucknow,Uttar Pradesh,India,2025-04-01,Female,61
CUST-0130,Matthew,Nair,matthew.nair81@gmail.com,+91-8012367779,Chandigarh,Punjab,India,2023-04-10,Male,55
CUST-0131,Raj,Nair,raj.nair42@gmail.com,+91-7575536318,Delhi,Delhi,India,2023-10-30,Male,52
CUST-0132,Raj,Martin,raj.martin22@yahoo.com,+91-9702373156,Jaipur,Rajasthan,India,2023-10-07,Female,65
CUST-0133,Karan,Reddy,karan.reddy19@gmail.com,+91-7739298647,Ahmedabad,Gujarat,India,2023-03-19,Female,53
CUST-0134,Raj,Kumar,raj.kumar2@yahoo.com,+91-7404969609,Indore,Madhya Pradesh,India,2024-02-09,Female,61
CUST-0135,Grace,Pillai,grace.pillai82@gmail.com,+91-7355098452,Lucknow,Uttar Pradesh,India,2024-01-26,Male,48
CUST-0136,Vivaan,Young,vivaan.young42@gmail.com,+91-7725394889,Coimbatore,Tamil Nadu,India,2024-07-28,Male,58
CUST-0137,Kavya,Malhotra,kavya.malhotra15@yahoo.com,+91-7121949893,Chandigarh,Punjab,India,2024-02-23,Female,25
CUST-0138,Reyansh,Bhat,reyansh.bhat18@gmail.com,+91-8215797881,Coimbatore,Tamil Nadu,India,2024-07-04,Female,55
CUST-0139,Grace,Iyer,grace.iyer84@yahoo.com,+91-8603490694,Coimbatore,Tamil Nadu,India,2024-02-29,Female,35
CUST-0140,Aditya,Brown,aditya.brown57@gmail.com,+91-9803157537,Hyderabad,Telangana,India,2024-03-30,Male,61
CUST-0141,Raj,Lee,raj.lee46@yahoo.com,+91-7904034878,Coimbatore,Tamil Nadu,India,2024-10-22,Male,47
CUST-0142,Sai,Das,sai.das77@gmail.com,+91-7165753713,Chandigarh,Punjab,India,2024-10-16,Male,26
CUST-0143,Sophia,Das,sophia.das98@gmail.com,+91-8921438305,Delhi,Delhi,India,2025-04-29,Male,39
CUST-0144,Lily,Iyer,lily.iyer1@yahoo.com,+91-7474127038,Indore,Madhya Pradesh,India,2024-09-02,Female,29
CUST-0145,Ayaan,Verma,ayaan.verma46@gmail.com,+91-7779687182,Bangalore,Karnataka,India,2023-01-16,Female,19
CUST-0146,Diya,Pillai,diya.pillai95@gmail.com,+91-7372418330,Mumbai,Maharashtra,India,2023-05-10,Female,46
CUST-0147,Lily,Brown,lily.brown14@gmail.com,+91-7725990623,Jaipur,Rajasthan,India,2024-08-30,Male,64
CUST-0148,Aiden,Martin,aiden.martin83@gmail.com,+91-7199372781,Chennai,Tamil Nadu,India,2024-04-14,Female,45
CUST-0149,Amelia,Joshi,amelia.joshi57@yahoo.com,+91-7264752219,Ahmedabad,Gujarat,India,2024-12-30,Male,22
CUST-0150,Krishna,Menon,krishna.menon75@gmail.com,+91-8065559925,Lucknow,Uttar Pradesh,India,2024-10-10,Female,47
CUST-0151,Liam,Allen,liam.allen90@yahoo.com,+91-9145395316,Kolkata,West Bengal,India,2023-04-12,Male,45
CUST-0152,Meera,Rao,meera.rao59@gmail.com,+91-9390722463,Kolkata,West Bengal,India,2023-12-14,Female,45
CUST-0153,Rohan,Pillai,rohan.pillai88@gmail.com,+91-7219921957,Pune,Maharashtra,India,2023-06-06,Male,23
CUST-0154,Sneha,Joshi,sneha.joshi48@gmail.com,+91-8823117861,Kochi,Kerala,India,2025-01-26,Female,60
CUST-0155,Ayaan,Miller,ayaan.miller97@gmail.com,+91-9362716743,Pune,Maharashtra,India,2024-11-12,Female,56
CUST-0156,Neha,Williams,neha.williams65@yahoo.com,+91-9151973201,Delhi,Delhi,India,2024-08-14,Male,24
CUST-0157,Amit,Clark,amit.clark98@yahoo.com,+91-7741066244,Pune,Maharashtra,India,2023-04-28,Male,56
CUST-0158,Aiden,Menon,aiden.menon35@gmail.com,+91-8012454541,Mumbai,Maharashtra,India,2023-07-04,Female,18
CUST-0159,Diya,Iyer,diya.iyer52@yahoo.com,+91-9428092991,Lucknow,Uttar Pradesh,India,2024-11-04,Male,23
CUST-0160,Grace,Martin,grace.martin54@gmail.com,+91-7515758503,Hyderabad,Telangana,India,2024-01-21,Female,64
CUST-0161,Rohan,Walker,rohan.walker7@yahoo.com,+91-9472190981,Lucknow,Uttar Pradesh,India,2023-03-28,Male,61
CUST-0162,Sai,Menon,sai.menon55@gmail.com,+91-8448464287,Ahmedabad,Gujarat,India,2024-11-08,Female,31
CUST-0163,Matthew,Moore,matthew.moore56@yahoo.com,+91-9222398930,Delhi,Delhi,India,2023-12-20,Female,51
CUST-0164,Aiden,Malhotra,aiden.malhotra51@gmail.com,+91-7179511007,Mumbai,Maharashtra,India,2023-08-14,Male,37
CUST-0165,Sara,Nair,sara.nair38@gmail.com,+91-7025375193,Indore,Madhya Pradesh,India,2023-09-19,Female,29
CUST-0166,Krishna,Jones,krishna.jones30@gmail.com,+91-9730797562,Jaipur,Rajasthan,India,2024-12-21,Female,22
CUST-0167,Suresh,Patel,suresh.patel59@gmail.com,+91-9824951033,Kolkata,West Bengal,India,2023-01-20,Female,54
CUST-0168,Suresh,Miller,suresh.miller52@yahoo.com,+91-8064232527,Chennai,Tamil Nadu,India,2023-04-28,Female,62
CUST-0169,Raj,Kumar,raj.kumar32@gmail.com,+91-8312178676,Kolkata,West Bengal,India,2023-04-19,Male,43
CUST-0170,Neha,Johnson,neha.johnson22@yahoo.com,+91-9074924945,Hyderabad,Telangana,India,2023-12-08,Male,40
CUST-0171,Amit,Iyer,amit.iyer19@yahoo.com,+91-7568588957,Hyderabad,Telangana,India,2023-04-16,Male,59
CUST-0172,Arjun,Mehta,arjun.mehta64@gmail.com,+91-8847285952,Indore,Madhya Pradesh,India,2024-10-05,Female,61
CUST-0173,Sophia,Young,sophia.young41@yahoo.com,+91-7223771462,Pune,Maharashtra,India,2024-10-04,Female,58
CUST-0174,Neha,Menon,neha.menon46@gmail.com,+91-8017170521,Lucknow,Uttar Pradesh,India,2023-02-27,Female,20
CUST-0175,Vihaan,Brown,vihaan.brown10@gmail.com,+91-9802621835,Nagpur,Maharashtra,India,2023-10-21,Female,47
CUST-0176,Jackson,Clark,jackson.clark6@gmail.com,+91-9653684928,Indore,Madhya Pradesh,India,2025-01-26,Male,38
CUST-0177,Mia,Taylor,mia.taylor8@gmail.com,+91-9657355015,Jaipur,Rajasthan,India,2023-06-04,Male,50
CUST-0178,Charlotte,Mehta,charlotte.mehta91@gmail.com,+91-8439878690,Mumbai,Maharashtra,India,2023-09-11,Male,41
CUST-0179,Raj,Thakur,raj.thakur44@gmail.com,+91-7171592691,Kolkata,West Bengal,India,2024-02-23,Female,22
CUST-0180,Karan,Joshi,karan.joshi50@yahoo.com,+91-9371596057,Jaipur,Rajasthan,India,2024-11-25,Male,39
CUST-0181,Sai,Hall,sai.hall45@gmail.com,+91-9149796787,Chandigarh,Punjab,India,2023-05-25,Female,26
CUST-0182,Mia,Kumar,mia.kumar49@gmail.com,+91-8076326750,Chennai,Tamil Nadu,India,2024-07-26,Male,59
CUST-0183,Aiden,Davis,aiden.davis3@gmail.com,+91-7590638074,Jaipur,Rajasthan,India,2024-01-06,Female,49
CUST-0184,Myra,Rao,myra.rao10@yahoo.com,+91-9582523256,Bangalore,Karnataka,India,2023-06-08,Male,60
CUST-0185,Karan,Young,karan.young49@yahoo.com,+91-7592591885,Bangalore,Karnataka,India,2024-09-03,Male,64
CUST-0186,Meera,Patel,meera.patel87@gmail.com,+91-8455590031,Kolkata,West Bengal,India,2024-01-09,Female,65
CUST-0187,Meera,Rao,meera.rao40@gmail.com,+91-9570271474,Jaipur,Rajasthan,India,2023-09-02,Male,41
CUST-0188,Amelia,Walker,amelia.walker99@yahoo.com,+91-8251375916,Ahmedabad,Gujarat,India,2024-04-17,Female,28
CUST-0189,Myra,Allen,myra.allen7@gmail.com,+91-9864358655,Bangalore,Karnataka,India,2023-09-14,Male,63
CUST-0190,Olivia,Reddy,olivia.reddy98@yahoo.com,+91-8472377286,Chennai,Tamil Nadu,India,2023-03-27,Male,45
CUST-0191,Sai,Rao,sai.rao45@gmail.com,+91-8359516980,Nagpur,Maharashtra,India,2024-04-06,Female,50
CUST-0192,Raj,Bhat,raj.bhat48@yahoo.com,+91-8044222987,Kolkata,West Bengal,India,2023-03-25,Female,27
CUST-0193,Krishna,Patel,krishna.patel61@gmail.com,+91-7454771487,Chennai,Tamil Nadu,India,2025-04-29,Female,57
CUST-0194,Aarav,Kumar,aarav.kumar28@gmail.com,+91-8798389807,Mumbai,Maharashtra,India,2023-09-20,Female,25
CUST-0195,Lily,Thakur,lily.thakur16@yahoo.com,+91-8375693748,Hyderabad,Telangana,India,2023-11-05,Female,22
CUST-0196,Ayaan,Thomas,ayaan.thomas3@gmail.com,+91-8884341711,Lucknow,Uttar Pradesh,India,2024-07-02,Male,36
CUST-0197,Sneha,Sharma,sneha.sharma31@gmail.com,+91-7613797080,Lucknow,Uttar Pradesh,India,2023-12-28,Male,51
CUST-0198,Raj,Singh,raj.singh65@gmail.com,+91-8663382633,Jaipur,Rajasthan,India,2024-07-11,Male,42
CUST-0199,James,Patel,james.patel48@yahoo.com,+91-7053256805,Chandigarh,Punjab,India,2024-02-01,Male,40
CUST-0200,Isha,Joshi,isha.joshi95@gmail.com,+91-7437115811,Indore,Madhya Pradesh,India,2024-08-18,Female,52
CUST-0201,Karan,Mehta,karan.mehta88@gmail.com,+91-9278672722,Nagpur,Maharashtra,India,2025-03-08,Male,26
CUST-0202,Arjun,Anderson,arjun.anderson26@yahoo.com,+91-7653615492,Mumbai,Maharashtra,India,2023-10-28,Female,37
CUST-0203,Liam,Garcia,liam.garcia61@yahoo.com,+91-9468394790,Nagpur,Maharashtra,India,2024-07-10,Male,36
CUST-0204,Amit,Gupta,amit.gupta43@yahoo.com,+91-9619258237,Nagpur,Maharashtra,India,2024-11-02,Female,43
CUST-0205,Grace,Wilson,grace.wilson44@gmail.com,+91-8625975211,Coimbatore,Tamil Nadu,India,2024-01-31,Female,51
CUST-0206,Riya,Kumar,riya.kumar11@gmail.com,+91-9694633652,Kochi,Kerala,India,2024-03-10,Female,38
CUST-0207,Reyansh,Kumar,reyansh.kumar38@gmail.com,+91-8974665851,Pune,Maharashtra,India,2024-11-07,Male,62
CUST-0208,Meera,Williams,meera.williams94@gmail.com,+91-8155290589,Ahmedabad,Gujarat,India,2023-02-13,Female,35
CUST-0209,Ethan,Gupta,ethan.gupta82@gmail.com,+91-8681299051,Delhi,Delhi,India,2024-11-18,Male,19
CUST-0210,Ishaan,Allen,ishaan.allen57@yahoo.com,+91-7220340932,Chandigarh,Punjab,India,2025-03-11,Female,41
CUST-0211,Vikram,Walker,vikram.walker20@gmail.com,+91-8215558760,Mumbai,Maharashtra,India,2024-09-11,Female,22
CUST-0212,Sophia,Nair,sophia.nair51@gmail.com,+91-7913242717,Jaipur,Rajasthan,India,2024-01-11,Male,19
CUST-0213,Grace,Mehta,grace.mehta50@gmail.com,+91-7385844311,Ahmedabad,Gujarat,India,2024-06-14,Female,63
CUST-0214,Meera,Das,meera.das89@gmail.com,+91-8609536237,Lucknow,Uttar Pradesh,India,2023-10-20,Male,26
CUST-0215,Arjun,Wilson,arjun.wilson57@gmail.com,+91-9655899381,Bangalore,Karnataka,India,2024-12-31,Female,60
CUST-0216,Amit,Singh,amit.singh38@gmail.com,+91-9789730644,Jaipur,Rajasthan,India,2024-07-09,Male,41
CUST-0217,Liam,Rao,liam.rao18@yahoo.com,+91-8618813445,Delhi,Delhi,India,2023-07-25,Female,53
CUST-0218,Sophia,Brown,sophia.brown71@yahoo.com,+91-9897421300,Ahmedabad,Gujarat,India,2025-04-02,Male,37
CUST-0219,Suresh,Taylor,suresh.taylor99@gmail.com,+91-8883819666,Jaipur,Rajasthan,India,2024-02-25,Male,38
CUST-0220,Charlotte,Singh,charlotte.singh88@gmail.com,+91-7420582260,Ahmedabad,Gujarat,India,2024-04-22,Male,26
CUST-0221,Sneha,Moore,sneha.moore16@gmail.com,+91-7996531581,Coimbatore,Tamil Nadu,India,2023-02-26,Male,38
CUST-0222,Ella,Rao,ella.rao37@gmail.com,+91-7821135729,Pune,Maharashtra,India,2024-06-15,Female,26
CUST-0223,Ethan,Malhotra,ethan.malhotra12@gmail.com,+91-7552587569,Lucknow,Uttar Pradesh,India,2024-06-30,Male,28
CUST-0224,Aiden,Young,aiden.young44@gmail.com,+91-8846815399,Kochi,Kerala,India,2024-09-11,Male,23
CUST-0225,Aditya,Walker,aditya.walker27@gmail.com,+91-8365091016,Chennai,Tamil Nadu,India,2024-10-28,Male,49
CUST-0226,Ethan,Lee,ethan.lee39@gmail.com,+91-9636899783,Chennai,Tamil Nadu,India,2024-10-19,Female,37
CUST-0227,Kavya,Singh,kavya.singh21@gmail.com,+91-8586770875,Kochi,Kerala,India,2023-03-03,Male,39
CUST-0228,Mia,Iyer,mia.iyer41@gmail.com,+91-9820555268,Pune,Maharashtra,India,2025-01-05,Female,26
CUST-0229,Matthew,Brown,matthew.brown14@gmail.com,+91-8528526059,Jaipur,Rajasthan,India,2024-07-29,Female,46
CUST-0230,Isha,Iyer,isha.iyer38@gmail.com,+91-9831690658,Delhi,Delhi,India,2023-02-21,Female,33
CUST-0231,Ananya,Smith,ananya.smith93@gmail.com,+91-9500530885,Coimbatore,Tamil Nadu,India,2024-08-14,Female,50
CUST-0232,Kavya,Thomas,kavya.thomas64@yahoo.com,+91-8288576249,Coimbatore,Tamil Nadu,India,2023-11-12,Female,33
CUST-0233,Sara,Hall,sara.hall7@yahoo.com,+91-8957995755,Pune,Maharashtra,India,2023-02-19,Female,36
CUST-0234,Noah,Sharma,noah.sharma56@yahoo.com,+91-7866657943,Nagpur,Maharashtra,India,2023-04-21,Female,41
CUST-0235,Aditya,Garcia,aditya.garcia72@yahoo.com,+91-8812847827,Mumbai,Maharashtra,India,2024-08-06,Male,42
CUST-0236,Liam,Wilson,liam.wilson36@gmail.com,+91-9042299181,Indore,Madhya Pradesh,India,2024-07-17,Male,26
CUST-0237,Reyansh,Garcia,reyansh.garcia44@gmail.com,+91-8198028909,Pune,Maharashtra,India,2025-03-24,Male,56
CUST-0238,Liam,Garcia,liam.garcia6@yahoo.com,+91-9338253652,Jaipur,Rajasthan,India,2023-02-11,Female,51
CUST-0239,Kavya,Iyer,kavya.iyer18@gmail.com,+91-9008951750,Lucknow,Uttar Pradesh,India,2024-06-11,Male,43
CUST-0240,Lucas,Malhotra,lucas.malhotra65@gmail.com,+91-8744374205,Lucknow,Uttar Pradesh,India,2023-12-11,Female,48
CUST-0241,Vivaan,Brown,vivaan.brown15@gmail.com,+91-8912650327,Pune,Maharashtra,India,2024-11-20,Male,56
CUST-0242,James,Pillai,james.pillai75@gmail.com,+91-9363816731,Chandigarh,Punjab,India,2025-03-12,Female,28
CUST-0243,Olivia,Young,olivia.young19@gmail.com,+91-7793614138,Indore,Madhya Pradesh,India,2024-01-25,Male,30
CUST-0244,Vivaan,Wilson,vivaan.wilson20@gmail.com,+91-7668163788,Pune,Maharashtra,India,2024-03-04,Female,65
CUST-0245,Daniel,Gupta,daniel.gupta67@yahoo.com,+91-8065196799,Kochi,Kerala,India,2023-05-22,Female,51
CUST-0246,Vikram,Smith,vikram.smith69@gmail.com,+91-8160998587,Bangalore,Karnataka,India,2024-04-15,Female,57
CUST-0247,James,Shah,james.shah72@yahoo.com,+91-7975247880,Hyderabad,Telangana,India,2023-10-13,Male,62
CUST-0248,Ella,Thomas,ella.thomas45@gmail.com,+91-9606345842,Pune,Maharashtra,India,2024-05-06,Female,25
CUST-0249,Sophia,Lee,sophia.lee45@gmail.com,+91-9636529198,Kolkata,West Bengal,India,2024-02-09,Female,20
CUST-0250,Priya,Kumar,priya.kumar84@yahoo.com,+91-8569838047,Pune,Maharashtra,India,2024-03-28,Male,52
CUST-0251,Riya,Clark,riya.clark18@yahoo.com,+91-9427786917,Kochi,Kerala,India,2023-10-06,Male,33
CUST-0252,Vihaan,Martin,vihaan.martin30@yahoo.com,+91-8354353292,Hyderabad,Telangana,India,2024-10-15,Female,24
CUST-0253,Amelia,Nair,amelia.nair21@gmail.com,+91-9885772350,Mumbai,Maharashtra,India,2024-07-17,Female,59
CUST-0254,Myra,Thakur,myra.thakur83@yahoo.com,+91-9518921725,Pune,Maharashtra,India,2023-10-20,Male,52
CUST-0255,Grace,Patel,grace.patel54@gmail.com,+91-7576014763,Coimbatore,Tamil Nadu,India,2023-06-29,Female,49
CUST-0256,Diya,Thakur,diya.thakur2@yahoo.com,+91-8975124064,Coimbatore,Tamil Nadu,India,2023-02-08,Female,36
CUST-0257,Kavya,Lee,kavya.lee18@gmail.com,+91-8533645761,Jaipur,Rajasthan,India,2024-05-20,Male,25
CUST-0258,Karan,Chopra,karan.chopra83@yahoo.com,+91-7610111846,Kochi,Kerala,India,2024-04-14,Female,36
CUST-0259,Sophia,Shah,sophia.shah82@gmail.com,+91-9709866059,Bangalore,Karnataka,India,2024-09-17,Female,23
CUST-0260,Suresh,Joshi,suresh.joshi62@gmail.com,+91-7812810895,Bangalore,Karnataka,India,2023-05-24,Female,42
CUST-0261,Isha,Wilson,isha.wilson43@gmail.com,+91-9368785088,Indore,Madhya Pradesh,India,2023-10-01,Male,34
CUST-0262,Charlotte,Brown,charlotte.brown8@gmail.com,+91-8525050213,Kochi,Kerala,India,2023-08-30,Male,43
CUST-0263,Amelia,Moore,amelia.moore99@gmail.com,+91-7384793717,Coimbatore,Tamil Nadu,India,2024-12-21,Female,41
CUST-0264,Lucas,Rao,lucas.rao62@yahoo.com,+91-9450189395,Hyderabad,Telangana,India,2023-05-17,Female,44
CUST-0265,Harper,Clark,harper.clark97@gmail.com,+91-9176138627,Coimbatore,Tamil Nadu,India,2024-04-27,Male,61
CUST-0266,Matthew,Allen,matthew.allen11@gmail.com,+91-8730757419,Nagpur,Maharashtra,India,2025-03-17,Male,54
CUST-0267,Ayaan,Gupta,ayaan.gupta65@yahoo.com,+91-8758529641,Nagpur,Maharashtra,India,2024-07-14,Male,38
CUST-0268,Olivia,Wilson,olivia.wilson27@gmail.com,+91-8601721919,Delhi,Delhi,India,2024-11-27,Female,21
CUST-0269,Kavya,Nair,kavya.nair59@gmail.com,+91-8831070604,Jaipur,Rajasthan,India,2024-03-01,Female,64
CUST-0270,Vivaan,Garcia,vivaan.garcia1@gmail.com,+91-8895019572,Chennai,Tamil Nadu,India,2025-04-16,Male,45
CUST-0271,Amit,Singh,amit.singh9@gmail.com,+91-8546814159,Jaipur,Rajasthan,India,2023-03-03,Female,44
CUST-0272,Diya,Nair,diya.nair94@gmail.com,+91-8377459081,Indore,Madhya Pradesh,India,2024-10-18,Female,46
CUST-0273,Vikram,Jones,vikram.jones85@gmail.com,+91-7435795660,Delhi,Delhi,India,2024-11-30,Female,25
CUST-0274,Diya,Lee,diya.lee17@gmail.com,+91-7729710455,Kolkata,West Bengal,India,2024-06-25,Male,37
CUST-0275,Kavya,Lee,kavya.lee49@gmail.com,+91-7811070375,Kolkata,West Bengal,India,2024-06-28,Female,27
CUST-0276,Riya,Shah,riya.shah98@yahoo.com,+91-9652496533,Coimbatore,Tamil Nadu,India,2025-01-12,Female,57
CUST-0277,Lily,Verma,lily.verma9@yahoo.com,+91-7110068515,Hyderabad,Telangana,India,2023-07-31,Male,33
CUST-0278,Grace,Patel,grace.patel30@gmail.com,+91-9471917398,Kolkata,West Bengal,India,2024-03-25,Male,50
CUST-0279,Priya,Rao,priya.rao74@gmail.com,+91-8959298150,Nagpur,Maharashtra,India,2025-01-19,Female,33
CUST-0280,Neha,Iyer,neha.iyer29@gmail.com,+91-7901617989,Chandigarh,Punjab,India,2024-06-17,Male,58
CUST-0281,Amelia,Davis,amelia.davis7@gmail.com,+91-9108097994,Jaipur,Rajasthan,India,2024-05-22,Female,51
CUST-0282,Rohan,Miller,rohan.miller39@gmail.com,+91-9472080507,Kolkata,West Bengal,India,2023-06-02,Female,33
CUST-0283,Aadhya,Malhotra,aadhya.malhotra19@gmail.com,+91-9997417552,Nagpur,Maharashtra,India,2024-12-25,Female,44
CUST-0284,Ava,Martin,ava.martin32@yahoo.com,+91-8082294765,Bangalore,Karnataka,India,2024-02-02,Male,46
CUST-0285,Raj,Kumar,raj.kumar25@yahoo.com,+91-8235998299,Jaipur,Rajasthan,India,2025-01-11,Male,22
CUST-0286,Myra,Hall,myra.hall72@yahoo.com,+91-7684453642,Kochi,Kerala,India,2024-11-18,Female,18
CUST-0287,Sara,Shah,sara.shah96@gmail.com,+91-8569341797,Kochi,Kerala,India,2023-05-01,Male,43
CUST-0288,Isha,Clark,isha.clark37@gmail.com,+91-8748695029,Pune,Maharashtra,India,2025-03-05,Female,37
CUST-0289,Kiara,Brown,kiara.brown60@yahoo.com,+91-9367271537,Jaipur,Rajasthan,India,2024-05-24,Female,31
CUST-0290,Raj,Smith,raj.smith73@gmail.com,+91-9428929126,Kolkata,West Bengal,India,2023-02-16,Male,34
CUST-0291,Ava,Hall,ava.hall54@yahoo.com,+91-7642853236,Lucknow,Uttar Pradesh,India,2025-01-07,Male,42
CUST-0292,Sophia,Bhat,sophia.bhat84@gmail.com,+91-8106143728,Ahmedabad,Gujarat,India,2024-07-17,Female,64
CUST-0293,Charlotte,Thomas,charlotte.thomas94@gmail.com,+91-7554628344,Ahmedabad,Gujarat,India,2023-06-22,Female,29
CUST-0294,Noah,Gupta,noah.gupta10@gmail.com,+91-9189616358,Jaipur,Rajasthan,India,2023-02-04,Male,44
CUST-0295,Krishna,Rao,krishna.rao20@yahoo.com,+91-8657169770,Delhi,Delhi,India,2024-12-25,Female,21
CUST-0296,Lucas,Young,lucas.young85@gmail.com,+91-7021679758,Coimbatore,Tamil Nadu,India,2024-05-09,Female,18
CUST-0297,Vivaan,Martin,vivaan.martin69@gmail.com,+91-7056175826,Kochi,Kerala,India,2023-10-09,Female,29
CUST-0298,Reyansh,Joshi,reyansh.joshi31@yahoo.com,+91-8725043084,Jaipur,Rajasthan,India,2023-06-02,Female,35
CUST-0299,Suresh,Kumar,suresh.kumar59@gmail.com,+91-9284739603,Pune,Maharashtra,India,2024-02-20,Female,61
CUST-0300,Sai,Patel,sai.patel49@gmail.com,+91-8559717355,Delhi,Delhi,India,2024-02-20,Male,62
CUST-0301,Ananya,Kumar,ananya.kumar83@gmail.com,+91-8854122499,Ahmedabad,Gujarat,India,2024-03-20,Male,32
CUST-0302,Sara,Walker,sara.walker6@gmail.com,+91-9242746749,Ahmedabad,Gujarat,India,2023-10-05,Male,29
CUST-0303,Rohan,Verma,rohan.verma19@gmail.com,+91-9335462205,Hyderabad,Telangana,India,2024-08-24,Male,37
CUST-0304,Ananya,Walker,ananya.walker50@gmail.com,+91-8771353480,Hyderabad,Telangana,India,2024-08-03,Female,65
CUST-0305,Krishna,Kumar,krishna.kumar45@yahoo.com,+91-8432240427,Jaipur,Rajasthan,India,2025-02-02,Male,39
CUST-0306,Mia,Young,mia.young42@yahoo.com,+91-7895669054,Lucknow,Uttar Pradesh,India,2024-02-11,Female,32
CUST-0307,Amit,Clark,amit.clark24@gmail.com,+91-9164859816,Kolkata,West Bengal,India,2024-03-18,Male,57
CUST-0308,Priya,Bhat,priya.bhat11@yahoo.com,+91-8245193086,Kochi,Kerala,India,2023-03-17,Male,65
CUST-0309,Vikram,Smith,vikram.smith12@yahoo.com,+91-8010168292,Pune,Maharashtra,India,2023-04-20,Female,35
CUST-0310,Reyansh,Nair,reyansh.nair56@gmail.com,+91-8817777166,Delhi,Delhi,India,2023-07-11,Female,24
CUST-0311,Vivaan,Kumar,vivaan.kumar12@gmail.com,+91-9570452523,Pune,Maharashtra,India,2024-07-21,Female,18
CUST-0312,Priya,Miller,priya.miller11@gmail.com,+91-8833441816,Kolkata,West Bengal,India,2025-03-08,Male,61
CUST-0313,Vikram,Chopra,vikram.chopra39@yahoo.com,+91-7478118292,Bangalore,Karnataka,India,2023-10-03,Male,45
CUST-0314,Riya,Miller,riya.miller10@gmail.com,+91-7808091924,Chennai,Tamil Nadu,India,2024-05-10,Female,56
CUST-0315,Lucas,Shah,lucas.shah18@gmail.com,+91-8296653544,Ahmedabad,Gujarat,India,2023-04-20,Female,39
CUST-0316,Meera,Johnson,meera.johnson84@gmail.com,+91-7446049378,Kolkata,West Bengal,India,2025-04-15,Female,56
CUST-0317,Harper,Shah,harper.shah23@gmail.com,+91-8045748200,Ahmedabad,Gujarat,India,2023-11-18,Female,54
CUST-0318,Isha,Smith,isha.smith51@gmail.com,+91-8847636188,Kolkata,West Bengal,India,2023-10-15,Male,61
CUST-0319,Lily,Clark,lily.clark60@gmail.com,+91-7686967469,Mumbai,Maharashtra,India,2025-01-14,Female,62
CUST-0320,Arjun,Miller,arjun.miller18@gmail.com,+91-7793043119,Chandigarh,Punjab,India,2024-05-26,Male,63
CUST-0321,Sneha,Jones,sneha.jones77@gmail.com,+91-8313380040,Delhi,Delhi,India,2024-04-04,Female,52
CUST-0322,Aditya,Brown,aditya.brown69@gmail.com,+91-9996321138,Kochi,Kerala,India,2025-04-11,Male,33
CUST-0323,Aiden,Williams,aiden.williams79@yahoo.com,+91-9113698797,Bangalore,Karnataka,India,2024-10-24,Female,39
CUST-0324,Sneha,Joshi,sneha.joshi34@yahoo.com,+91-9447277999,Mumbai,Maharashtra,India,2023-04-11,Male,46
CUST-0325,Raj,Garcia,raj.garcia87@gmail.com,+91-8639929758,Ahmedabad,Gujarat,India,2025-03-01,Female,19
CUST-0326,James,Joshi,james.joshi11@yahoo.com,+91-9392528569,Chennai,Tamil Nadu,India,2024-03-01,Female,37
CUST-0327,Karan,Anderson,karan.anderson67@gmail.com,+91-8560222795,Indore,Madhya Pradesh,India,2023-07-31,Female,64
CUST-0328,Harper,Wilson,harper.wilson39@yahoo.com,+91-9329025084,Pune,Maharashtra,India,2023-03-10,Male,39
CUST-0329,Charlotte,Joshi,charlotte.joshi22@gmail.com,+91-9426441970,Chandigarh,Punjab,India,2025-03-30,Male,53
CUST-0330,Ananya,Johnson,ananya.johnson60@yahoo.com,+91-8327292543,Jaipur,Rajasthan,India,2024-03-12,Male,29
CUST-0331,Ethan,Davis,ethan.davis95@gmail.com,+91-7646568926,Kolkata,West Bengal,India,2023-01-30,Female,42
CUST-0332,Aarav,Das,aarav.das97@gmail.com,+91-9608318200,Hyderabad,Telangana,India,2023-10-13,Male,52
CUST-0333,Diya,Brown,diya.brown59@yahoo.com,+91-9197774157,Pune,Maharashtra,India,2023-07-21,Female,56
CUST-0334,Vikram,Young,vikram.young15@gmail.com,+91-9770570012,Kolkata,West Bengal,India,2024-08-24,Male,61
CUST-0335,Ella,Malhotra,ella.malhotra76@yahoo.com,+91-7438951049,Coimbatore,Tamil Nadu,India,2024-09-21,Male,33
CUST-0336,Neha,Reddy,neha.reddy89@yahoo.com,+91-8272964819,Bangalore,Karnataka,India,2024-01-18,Male,54
CUST-0337,Vikram,Davis,vikram.davis82@gmail.com,+91-9114332706,Bangalore,Karnataka,India,2024-05-13,Male,49
CUST-0338,Priya,Nair,priya.nair58@gmail.com,+91-9836157059,Bangalore,Karnataka,India,2023-11-19,Male,49
CUST-0339,Krishna,Shah,krishna.shah72@gmail.com,+91-8621963626,Nagpur,Maharashtra,India,2024-01-29,Female,44
CUST-0340,Ella,Wilson,ella.wilson11@gmail.com,+91-9607938905,Ahmedabad,Gujarat,India,2023-06-21,Female,20
CUST-0341,Riya,Rao,riya.rao22@gmail.com,+91-8853574921,Jaipur,Rajasthan,India,2023-10-23,Male,54
CUST-0342,Ayaan,Menon,ayaan.menon47@gmail.com,+91-9479815453,Indore,Madhya Pradesh,India,2024-07-10,Female,52
CUST-0343,Sara,Davis,sara.davis84@gmail.com,+91-7975514224,Delhi,Delhi,India,2025-01-23,Female,34
CUST-0344,Amit,Kumar,amit.kumar31@yahoo.com,+91-9417087060,Ahmedabad,Gujarat,India,2023-05-01,Female,63
CUST-0345,Lucas,Davis,lucas.davis18@gmail.com,+91-9665737124,Bangalore,Karnataka,India,2024-09-22,Male,54
CUST-0346,Amit,Lee,amit.lee69@yahoo.com,+91-9307048356,Chennai,Tamil Nadu,India,2024-09-03,Female,54
CUST-0347,Riya,Moore,riya.moore13@yahoo.com,+91-9457963948,Coimbatore,Tamil Nadu,India,2024-11-26,Male,35
CUST-0348,Charlotte,Nair,charlotte.nair32@yahoo.com,+91-8055442447,Kochi,Kerala,India,2023-05-16,Female,49
CUST-0349,Ishaan,Walker,ishaan.walker81@gmail.com,+91-8481019898,Chandigarh,Punjab,India,2023-10-03,Male,43
CUST-0350,Liam,Menon,liam.menon59@gmail.com,+91-8072486278,Kochi,Kerala,India,2024-01-13,Male,64
CUST-0351,Sai,Anderson,sai.anderson90@gmail.com,+91-7207580048,Chandigarh,Punjab,India,2024-11-11,Female,31
CUST-0352,Sneha,Das,sneha.das42@gmail.com,+91-8106781737,Ahmedabad,Gujarat,India,2023-10-02,Male,54
CUST-0353,Emma,Johnson,emma.johnson98@yahoo.com,+91-7326292074,Coimbatore,Tamil Nadu,India,2024-11-29,Female,19
CUST-0354,Ayaan,Chopra,ayaan.chopra1@gmail.com,+91-8401836518,Ahmedabad,Gujarat,India,2024-04-12,Male,59
CUST-0355,Neha,Chopra,neha.chopra12@gmail.com,+91-7820420803,Nagpur,Maharashtra,India,2023-10-08,Female,60
CUST-0356,Charlotte,Chopra,charlotte.chopra81@gmail.com,+91-9291940689,Mumbai,Maharashtra,India,2024-02-10,Female,59
CUST-0357,Sai,Joshi,sai.joshi62@yahoo.com,+91-8945339647,Mumbai,Maharashtra,India,2023-08-07,Female,18
CUST-0358,Aarav,Johnson,aarav.johnson55@gmail.com,+91-8565319283,Nagpur,Maharashtra,India,2023-05-04,Male,42
CUST-0359,Sai,Joshi,sai.joshi48@gmail.com,+91-7449360164,Delhi,Delhi,India,2023-11-17,Male,59
CUST-0360,Amelia,Iyer,amelia.iyer73@yahoo.com,+91-9129931511,Delhi,Delhi,India,2024-06-27,Female,40
CUST-0361,Daniel,Das,daniel.das20@gmail.com,+91-9018799989,Chandigarh,Punjab,India,2025-02-05,Female,31
CUST-0362,Sai,Joshi,sai.joshi16@gmail.com,+91-8258356076,Bangalore,Karnataka,India,2025-02-09,Female,38
CUST-0363,Krishna,Bhat,krishna.bhat11@yahoo.com,+91-8969388644,Chennai,Tamil Nadu,India,2024-10-22,Female,62
CUST-0364,Vivaan,Malhotra,vivaan.malhotra78@gmail.com,+91-9450561347,Hyderabad,Telangana,India,2024-06-14,Female,59
CUST-0365,Vihaan,Bhat,vihaan.bhat15@yahoo.com,+91-9090887847,Ahmedabad,Gujarat,India,2024-01-31,Male,51
CUST-0366,Aarav,Brown,aarav.brown17@gmail.com,+91-9749184498,Coimbatore,Tamil Nadu,India,2023-11-21,Female,41
CUST-0367,Noah,Mehta,noah.mehta99@yahoo.com,+91-8924618851,Indore,Madhya Pradesh,India,2024-04-27,Male,34
CUST-0368,Sara,Patel,sara.patel51@gmail.com,+91-9059775673,Coimbatore,Tamil Nadu,India,2023-03-03,Female,45
CUST-0369,Harper,Garcia,harper.garcia69@gmail.com,+91-7500346368,Delhi,Delhi,India,2024-10-17,Male,37
CUST-0370,Sai,Moore,sai.moore20@gmail.com,+91-8280386865,Coimbatore,Tamil Nadu,India,2023-07-28,Male,37
CUST-0371,Harper,Davis,harper.davis8@yahoo.com,+91-8423725202,Kochi,Kerala,India,2023-09-02,Female,57
CUST-0372,Mia,Gupta,mia.gupta95@gmail.com,+91-7575525655,Chennai,Tamil Nadu,India,2024-11-13,Male,63
CUST-0373,Krishna,Sharma,krishna.sharma45@gmail.com,+91-9565643980,Bangalore,Karnataka,India,2024-05-23,Male,41
CUST-0374,Krishna,Menon,krishna.menon99@gmail.com,+91-8097766272,Kochi,Kerala,India,2023-05-01,Female,51
CUST-0375,Arjun,Pillai,arjun.pillai81@yahoo.com,+91-8491576949,Kochi,Kerala,India,2024-08-13,Female,21
CUST-0376,Emma,Walker,emma.walker21@yahoo.com,+91-7337185223,Bangalore,Karnataka,India,2024-01-12,Male,32
CUST-0377,Grace,Moore,grace.moore2@yahoo.com,+91-8545857707,Mumbai,Maharashtra,India,2023-02-15,Female,27
CUST-0378,Diya,Patel,diya.patel92@gmail.com,+91-8374139427,Jaipur,Rajasthan,India,2025-04-02,Female,33
CUST-0379,Pooja,Smith,pooja.smith10@gmail.com,+91-7391275803,Chennai,Tamil Nadu,India,2025-04-25,Male,29
CUST-0380,Aadhya,Martin,aadhya.martin9@gmail.com,+91-9837847002,Mumbai,Maharashtra,India,2024-02-15,Female,38
CUST-0381,Sai,Clark,sai.clark48@yahoo.com,+91-8847449834,Ahmedabad,Gujarat,India,2023-01-09,Male,47
CUST-0382,Raj,Hall,raj.hall26@gmail.com,+91-8790942129,Ahmedabad,Gujarat,India,2025-03-02,Male,18
CUST-0383,Pooja,Verma,pooja.verma45@gmail.com,+91-9272311257,Hyderabad,Telangana,India,2024-07-08,Female,18
CUST-0384,Matthew,Jones,matthew.jones94@gmail.com,+91-7672379443,Nagpur,Maharashtra,India,2025-01-25,Male,44
CUST-0385,Emma,Gupta,emma.gupta36@yahoo.com,+91-7758478125,Bangalore,Karnataka,India,2024-12-29,Female,62
CUST-0386,Raj,Anderson,raj.anderson75@yahoo.com,+91-7437493521,Kochi,Kerala,India,2023-03-28,Female,22
CUST-0387,Jackson,Walker,jackson.walker85@gmail.com,+91-7775848230,Mumbai,Maharashtra,India,2024-03-21,Female,38
CUST-0388,Suresh,Smith,suresh.smith35@yahoo.com,+91-7664227840,Pune,Maharashtra,India,2024-04-08,Male,27
CUST-0389,Reyansh,Chopra,reyansh.chopra41@gmail.com,+91-8756156961,Ahmedabad,Gujarat,India,2024-04-22,Male,46
CUST-0390,Neha,Anderson,neha.anderson12@yahoo.com,+91-9248049874,Chennai,Tamil Nadu,India,2023-05-03,Male,31
CUST-0391,Rohan,Iyer,rohan.iyer32@gmail.com,+91-8298477300,Delhi,Delhi,India,2024-12-29,Male,61
CUST-0392,Neha,Pillai,neha.pillai4@gmail.com,+91-9800369270,Nagpur,Maharashtra,India,2023-06-28,Male,24
CUST-0393,Kavya,Joshi,kavya.joshi18@yahoo.com,+91-7202039135,Indore,Madhya Pradesh,India,2025-03-23,Male,30
CUST-0394,Suresh,Brown,suresh.brown83@yahoo.com,+91-8920543924,Chandigarh,Punjab,India,2024-10-07,Male,19
CUST-0395,Arjun,Shah,arjun.shah57@gmail.com,+91-7301353456,Coimbatore,Tamil Nadu,India,2024-10-23,Male,20
CUST-0396,Kavya,Gupta,kavya.gupta56@gmail.com,+91-8294375028,Bangalore,Karnataka,India,2024-08-10,Male,42
CUST-0397,Amelia,Davis,amelia.davis28@gmail.com,+91-7901046681,Bangalore,Karnataka,India,2023-12-29,Female,27
CUST-0398,Aditya,Young,aditya.young32@gmail.com,+91-8634764000,Lucknow,Uttar Pradesh,India,2024-09-23,Female,21
CUST-0399,Sai,Menon,sai.menon54@yahoo.com,+91-9898878919,Kolkata,West Bengal,India,2023-05-21,Male,58
CUST-0400,Noah,Verma,noah.verma92@gmail.com,+91-8784273527,Kolkata,West Bengal,India,2025-03-11,Female,54
CUST-0401,Liam,Smith,liam.smith24@yahoo.com,+91-8956638707,Kolkata,West Bengal,India,2023-10-04,Male,35
CUST-0402,Vihaan,Taylor,vihaan.taylor99@gmail.com,+91-7762730922,Jaipur,Rajasthan,India,2024-01-02,Male,33
CUST-0403,Aiden,Bhat,aiden.bhat95@yahoo.com,+91-7718985457,Chennai,Tamil Nadu,India,2024-06-30,Female,40
CUST-0404,Diya,Mehta,diya.mehta41@gmail.com,+91-9285957026,Hyderabad,Telangana,India,2024-08-29,Male,63
CUST-0405,Harper,Williams,harper.williams19@gmail.com,+91-7616874517,Lucknow,Uttar Pradesh,India,2024-07-31,Female,29
CUST-0406,Emma,Patel,emma.patel30@gmail.com,+91-7065379002,Delhi,Delhi,India,2023-02-27,Female,18
CUST-0407,Karan,Young,karan.young17@gmail.com,+91-7581552413,Hyderabad,Telangana,India,2025-04-05,Male,19
CUST-0408,Ishaan,Hall,ishaan.hall15@gmail.com,+91-9820257826,Kochi,Kerala,India,2023-05-26,Male,41
CUST-0409,Ella,Garcia,ella.garcia44@gmail.com,+91-7447130644,Lucknow,Uttar Pradesh,India,2023-04-14,Female,58
CUST-0410,Emma,Smith,emma.smith72@gmail.com,+91-9011056769,Bangalore,Karnataka,India,2024-12-25,Male,60
CUST-0411,Jackson,Mehta,jackson.mehta94@gmail.com,+91-7417233292,Kolkata,West Bengal,India,2023-11-11,Male,62
CUST-0412,Sophia,Garcia,sophia.garcia73@yahoo.com,+91-8973951709,Nagpur,Maharashtra,India,2025-02-28,Male,58
CUST-0413,Sophia,Joshi,sophia.joshi19@gmail.com,+91-7254941194,Coimbatore,Tamil Nadu,India,2024-05-23,Female,38
CUST-0414,Ananya,Kumar,ananya.kumar86@gmail.com,+91-9905354007,Nagpur,Maharashtra,India,2024-12-26,Female,18
CUST-0415,Kiara,Das,kiara.das9@gmail.com,+91-9578924160,Hyderabad,Telangana,India,2024-12-10,Male,21
CUST-0416,Vikram,Wilson,vikram.wilson22@gmail.com,+91-8615759638,Kochi,Kerala,India,2024-03-05,Female,52
CUST-0417,Vikram,Joshi,vikram.joshi74@gmail.com,+91-9251639567,Nagpur,Maharashtra,India,2024-05-05,Male,46
CUST-0418,Arjun,Patel,arjun.patel41@yahoo.com,+91-7343119725,Chennai,Tamil Nadu,India,2023-01-21,Female,28
CUST-0419,Vikram,Chopra,vikram.chopra71@gmail.com,+91-7305054295,Kochi,Kerala,India,2023-03-18,Female,63
CUST-0420,Vivaan,Davis,vivaan.davis78@gmail.com,+91-7514717019,Chandigarh,Punjab,India,2023-06-18,Male,39
CUST-0421,Sara,Shah,sara.shah71@gmail.com,+91-9391980795,Kolkata,West Bengal,India,2024-12-14,Female,60
CUST-0422,Priya,Malhotra,priya.malhotra7@gmail.com,+91-8801174349,Hyderabad,Telangana,India,2023-04-09,Male,21
CUST-0423,Raj,Sharma,raj.sharma38@gmail.com,+91-9048288671,Kolkata,West Bengal,India,2023-03-31,Female,30
CUST-0424,Reyansh,Verma,reyansh.verma82@yahoo.com,+91-7268472071,Hyderabad,Telangana,India,2023-06-24,Male,37
CUST-0425,Suresh,Taylor,suresh.taylor34@yahoo.com,+91-8782960793,Ahmedabad,Gujarat,India,2024-11-07,Male,41
CUST-0426,Vikram,Brown,vikram.brown6@yahoo.com,+91-8523944524,Bangalore,Karnataka,India,2024-04-01,Male,35
CUST-0427,Sophia,Gupta,sophia.gupta90@gmail.com,+91-7280897574,Bangalore,Karnataka,India,2025-02-09,Female,52
CUST-0428,Pooja,Hall,pooja.hall8@gmail.com,+91-9681778495,Hyderabad,Telangana,India,2024-07-20,Female,52
CUST-0429,Amelia,Taylor,amelia.taylor61@yahoo.com,+91-8293614551,Lucknow,Uttar Pradesh,India,2023-08-30,Male,25
CUST-0430,Matthew,Wilson,matthew.wilson28@gmail.com,+91-7413415593,Bangalore,Karnataka,India,2023-06-21,Female,23
CUST-0431,Amelia,Davis,amelia.davis81@yahoo.com,+91-8949843801,Hyderabad,Telangana,India,2025-04-22,Female,64
CUST-0432,Arjun,Kumar,arjun.kumar51@gmail.com,+91-9806946202,Kolkata,West Bengal,India,2024-07-23,Female,18
CUST-0433,Harper,Young,harper.young54@yahoo.com,+91-7490329424,Lucknow,Uttar Pradesh,India,2024-06-19,Male,24
CUST-0434,Sophia,Joshi,sophia.joshi69@gmail.com,+91-9876663856,Indore,Madhya Pradesh,India,2023-10-20,Female,42
CUST-0435,Charlotte,Thomas,charlotte.thomas61@yahoo.com,+91-7902462818,Lucknow,Uttar Pradesh,India,2024-09-15,Male,57
CUST-0436,Mia,Garcia,mia.garcia43@gmail.com,+91-7161572287,Mumbai,Maharashtra,India,2024-02-10,Female,41
CUST-0437,Vivaan,Johnson,vivaan.johnson39@gmail.com,+91-9761874437,Nagpur,Maharashtra,India,2025-03-23,Male,32
CUST-0438,Krishna,Malhotra,krishna.malhotra42@yahoo.com,+91-8365689295,Kochi,Kerala,India,2024-03-29,Male,30
CUST-0439,Meera,Das,meera.das53@gmail.com,+91-9488777698,Coimbatore,Tamil Nadu,India,2025-04-23,Female,21
CUST-0440,Liam,Chopra,liam.chopra91@gmail.com,+91-7444478719,Delhi,Delhi,India,2023-11-15,Male,29
CUST-0441,Myra,Shah,myra.shah32@yahoo.com,+91-7165657235,Nagpur,Maharashtra,India,2023-03-01,Male,35
CUST-0442,Raj,Anderson,raj.anderson82@gmail.com,+91-9232014005,Jaipur,Rajasthan,India,2024-02-11,Male,41
CUST-0443,Emma,Allen,emma.allen61@gmail.com,+91-8146055121,Ahmedabad,Gujarat,India,2023-07-01,Male,34
CUST-0444,Grace,Kumar,grace.kumar50@yahoo.com,+91-9797885007,Chennai,Tamil Nadu,India,2023-01-29,Male,32
CUST-0445,Charlotte,Rao,charlotte.rao35@gmail.com,+91-8681912628,Chandigarh,Punjab,India,2023-07-31,Male,48
CUST-0446,Krishna,Mehta,krishna.mehta2@yahoo.com,+91-8993450037,Lucknow,Uttar Pradesh,India,2025-03-31,Female,45
CUST-0447,Vikram,Williams,vikram.williams28@gmail.com,+91-9219078241,Ahmedabad,Gujarat,India,2023-09-16,Female,55
CUST-0448,Reyansh,Sharma,reyansh.sharma48@gmail.com,+91-8945689829,Jaipur,Rajasthan,India,2024-11-09,Female,37
CUST-0449,Amelia,Joshi,amelia.joshi44@gmail.com,+91-9099152616,Ahmedabad,Gujarat,India,2023-03-07,Female,34
CUST-0450,Charlotte,Malhotra,charlotte.malhotra67@gmail.com,+91-9948017441,Hyderabad,Telangana,India,2023-06-03,Female,60
CUST-0451,Rohan,Nair,rohan.nair84@gmail.com,+91-7968644003,Kochi,Kerala,India,2023-01-27,Female,43
CUST-0452,Vikram,Patel,vikram.patel74@gmail.com,+91-8124439145,Lucknow,Uttar Pradesh,India,2024-12-26,Female,60
CUST-0453,Amit,Moore,amit.moore85@gmail.com,+91-7593548506,Chennai,Tamil Nadu,India,2023-06-24,Male,48
CUST-0454,Krishna,Pillai,krishna.pillai72@gmail.com,+91-7599899091,Kochi,Kerala,India,2025-04-07,Female,59
CUST-0455,Sai,Rao,sai.rao96@gmail.com,+91-8377853426,Pune,Maharashtra,India,2023-08-17,Female,34
CUST-0456,Jackson,Thakur,jackson.thakur61@yahoo.com,+91-9078786490,Ahmedabad,Gujarat,India,2023-05-01,Male,48
CUST-0457,Myra,Moore,myra.moore49@gmail.com,+91-8353617086,Delhi,Delhi,India,2024-11-28,Male,26
CUST-0458,Myra,Johnson,myra.johnson59@yahoo.com,+91-9825833639,Kolkata,West Bengal,India,2024-08-06,Male,49
CUST-0459,Karan,Mehta,karan.mehta8@yahoo.com,+91-7896237444,Pune,Maharashtra,India,2024-10-11,Male,54
CUST-0460,Matthew,Chopra,matthew.chopra98@gmail.com,+91-7424090541,Ahmedabad,Gujarat,India,2025-03-15,Female,58
CUST-0461,Sneha,Garcia,sneha.garcia50@yahoo.com,+91-8749036137,Kolkata,West Bengal,India,2024-05-03,Female,18
CUST-0462,Rohan,Martin,rohan.martin87@yahoo.com,+91-9403842613,Hyderabad,Telangana,India,2023-01-19,Male,62
CUST-0463,Amit,Malhotra,amit.malhotra50@gmail.com,+91-8003031891,Bangalore,Karnataka,India,2023-04-16,Male,20
CUST-0464,Neha,Thakur,neha.thakur67@gmail.com,+91-8107066841,Ahmedabad,Gujarat,India,2025-01-15,Male,39
CUST-0465,Emma,Williams,emma.williams22@gmail.com,+91-9660762873,Indore,Madhya Pradesh,India,2023-07-12,Male,32
CUST-0466,Aadhya,Nair,aadhya.nair3@gmail.com,+91-7553726143,Hyderabad,Telangana,India,2025-01-21,Female,63
CUST-0467,Charlotte,Patel,charlotte.patel33@gmail.com,+91-9041816368,Kolkata,West Bengal,India,2024-10-17,Male,60
CUST-0468,Reyansh,Verma,reyansh.verma15@gmail.com,+91-8246026199,Mumbai,Maharashtra,India,2024-12-07,Female,48
CUST-0469,Harper,Iyer,harper.iyer88@gmail.com,+91-7986665164,Hyderabad,Telangana,India,2024-12-12,Male,60
CUST-0470,Olivia,Menon,olivia.menon90@yahoo.com,+91-9721823751,Lucknow,Uttar Pradesh,India,2024-09-12,Male,36
CUST-0471,Ayaan,Joshi,ayaan.joshi78@yahoo.com,+91-7861778569,Ahmedabad,Gujarat,India,2023-07-23,Male,40
CUST-0472,Ella,Miller,ella.miller6@gmail.com,+91-9983037222,Chennai,Tamil Nadu,India,2023-06-14,Female,39
CUST-0473,Isha,Sharma,isha.sharma12@gmail.com,+91-9736885255,Mumbai,Maharashtra,India,2024-11-18,Female,27
CUST-0474,Sai,Moore,sai.moore93@yahoo.com,+91-7838594454,Delhi,Delhi,India,2025-01-10,Male,47
CUST-0475,Priya,Pillai,priya.pillai13@gmail.com,+91-9864315170,Ahmedabad,Gujarat,India,2023-02-21,Female,41
CUST-0476,Amelia,Smith,amelia.smith15@yahoo.com,+91-9484416014,Kolkata,West Bengal,India,2025-01-26,Male,26
CUST-0477,Aiden,Chopra,aiden.chopra57@gmail.com,+91-7879122183,Pune,Maharashtra,India,2024-01-02,Female,39
CUST-0478,Diya,Reddy,diya.reddy59@yahoo.com,+91-8263972684,Kolkata,West Bengal,India,2024-02-14,Female,59
CUST-0479,Ananya,Reddy,ananya.reddy93@yahoo.com,+91-9766730892,Bangalore,Karnataka,India,2024-12-13,Male,44
CUST-0480,Jackson,Taylor,jackson.taylor87@gmail.com,+91-9003159774,Indore,Madhya Pradesh,India,2024-08-05,Female,57
CUST-0481,Vivaan,Nair,vivaan.nair15@gmail.com,+91-8444016025,Ahmedabad,Gujarat,India,2024-05-14,Male,34
CUST-0482,Charlotte,Smith,charlotte.smith87@gmail.com,+91-9436785582,Mumbai,Maharashtra,India,2024-12-22,Male,60
CUST-0483,Karan,Martin,karan.martin90@gmail.com,+91-8418396732,Jaipur,Rajasthan,India,2024-12-05,Male,48
CUST-0484,Amit,Jones,amit.jones72@gmail.com,+91-9008317152,Bangalore,Karnataka,India,2025-04-26,Male,59
CUST-0485,Ananya,Moore,ananya.moore64@gmail.com,+91-7245374441,Nagpur,Maharashtra,India,2024-04-25,Female,33
CUST-0486,Karan,Menon,karan.menon29@gmail.com,+91-8240762858,Mumbai,Maharashtra,India,2024-06-03,Male,23
CUST-0487,Kavya,Wilson,kavya.wilson58@yahoo.com,+91-8633368598,Indore,Madhya Pradesh,India,2024-08-09,Female,25
CUST-0488,Emma,Verma,emma.verma53@yahoo.com,+91-8799210022,Delhi,Delhi,India,2024-02-18,Male,56
CUST-0489,Lucas,Malhotra,lucas.malhotra72@yahoo.com,+91-9200269796,Coimbatore,Tamil Nadu,India,2024-06-04,Female,41
CUST-0490,Vihaan,Rao,vihaan.rao43@gmail.com,+91-9030888636,Nagpur,Maharashtra,India,2024-04-10,Female,63
CUST-0491,Aiden,Brown,aiden.brown15@yahoo.com,+91-9159139064,Kochi,Kerala,India,2024-04-08,Male,39
CUST-0492,Amit,Thakur,amit.thakur48@gmail.com,+91-7150031516,Jaipur,Rajasthan,India,2024-06-18,Female,26
CUST-0493,Ella,Miller,ella.miller79@yahoo.com,+91-7395661497,Delhi,Delhi,India,2023-09-18,Male,47
CUST-0494,Myra,Johnson,myra.johnson54@yahoo.com,+91-9075098098,Delhi,Delhi,India,2025-02-14,Male,46
CUST-0495,Kavya,Hall,kavya.hall64@yahoo.com,+91-9412416366,Jaipur,Rajasthan,India,2023-05-18,Female,55
CUST-0496,James,Moore,james.moore89@gmail.com,+91-9393626827,Indore,Madhya Pradesh,India,2023-07-01,Male,42
CUST-0497,Aiden,Allen,aiden.allen65@gmail.com,+91-8371889822,Lucknow,Uttar Pradesh,India,2023-11-26,Male,35
CUST-0498,Suresh,Johnson,suresh.johnson18@yahoo.com,+91-8974377147,Chennai,Tamil Nadu,India,2024-04-08,Female,62
CUST-0499,Ava,Smith,ava.smith71@gmail.com,+91-7658237487,Kochi,Kerala,India,2025-01-24,Female,61
CUST-0500,Amit,Nair,amit.nair23@gmail.com,+91-9275193476,Kochi,Kerala,India,2024-10-27,Female,63
